college_code,branch_code,intake_capacity,fees_per_year,duration_years
06644,0664429310,30,,
04190,0419037010,30,,
05382,0538292110,60,,
04133,0413319110,60,,
06293,0629361210,30,,
03201,0320124510,120,,
02015,0201537210,60,,
03190,0319024510,180,,
06756,0675624210,120,,
03503,0350324610,60,,
05382,0538226310,90,,
03146,0314661210,60,,
05124,0512424610,60,,
06622,0662292110,120,,
03036,0303653410,16,,
06273,0627324510,720,,
06644,0664491110,60,,
01182,0118229310,60,,
02282,0228290010,60,,
06298,0629884410,180,,
06625,0662561210,30,,
03351,0335161210,60,,
06767,0676761210,30,,
03036,0303651210,16,,
02138,0213861210,60,,
06643,0664324210,120,,
03218,0321891210,60,,
06766,0676661210,60,,
06288,0628891110,60,,
06303,0630361210,60,,
02146,0214629710,30,,
04192,0419219110,60,,
01123,0112324210,60,,
04177,0417799710,60,,
06269,0626992610,60,,
06632,0663261210,60,,
02113,0211337210,120,,
06308,0630837210,60,,
05171,0517137210,60,,
06283,0628319110,60,,
06795,0679529310,30,,
06187,0618724610,60,,
02533,0253337810,60,,
02008,0200819110,60,,
03216,0321650710,60,,
06320,0632024510,180,,
06634,0663419110,30,,
06273,0627346410,180,,
03033,0303390510,51,,
06304,0630419110,30,,
03206,0320661210,60,,
03209,0320937210,60,,
06203,0620326610,60,,
05331,0533199510,60,,
06640,0664029310,60,,
04139,0413992510,120,,
06275,0627537210,60,,
06644,0664490010,60,,
03467,0346719110,60,,
06649,0664937210,60,,
06315,0631592110,30,,
06640,0664019110,60,,
02020,0202061210,60,,
06277,0627726310,60,,
05409,0540929310,60,,
05172,0517224610,120,,
05408,0540837210,60,,
04145,0414561210,60,,
03218,0321819110,60,,
02254,0225419110,60,,
03439,0343991210,60,,
03277,0327793410,30,,
03135,0313524510,120,,
06799,0679924210,60,,
04116,0411661210,60,,
05597,0559737210,60,,
16354,1635424510,120,,
03445,0344524510,60,,
06732,0673299510,180,,
05401,0540161210,23,,
03216,0321637210,60,,
05139,0513991610,60,,
05408,0540829310,30,,
01107,0110791110,180,,
04177,0417729310,60,,
04123,0412300210,60,,
03475,0347591210,120,,
06311,0631161210,120,,
06754,0675424510,180,,
06794,0679424610,60,,
01127,0112761210,60,,
03220,0322037210,30,,
06319,0631961210,30,,
03220,0322092110,30,,
01123,0112356810,60,,
01126,0112661210,60,,
03222,0322291110,120,,
01005,0100552410,15,,
03185,0318524610,180,,
06273,0627399510,360,,
04197,0419761210,30,,
02114,0211461210,120,,
06834,0683424510,180,,
04196,0419692110,60,,
06839,0683919110,60,,
02134,0213484410,60,,
02130,0213019110,60,,
03224,0322419110,30,,
03199,0319937210,180,,
02634,0263419110,60,,
06878,0687892610,60,,
06149,0614999510,120,,
03193,0319324510,90,,
16354,1635424610,60,,
05418,0541826310,120,,
03351,0335156810,60,,
06307,0630724510,120,,
06036,0603661510,60,,
04116,0411699710,120,,
06217,0621719110,30,,
02114,0211424210,120,,
06222,0622229310,60,,
03353,0335392110,60,,
01002,0100219110,60,,
02282,0228224510,90,,
05497,0549724510,60,,
06214,0621462410,60,,
06268,0626861210,180,,
06203,0620399510,120,,
05179,0517924510,90,,
05365,0536519110,60,,
05125,0512584410,60,,
06138,0613837210,60,,
03202,0320260210,30,,
02133,0213319110,60,,
01265,0126561210,60,,
05108,0510891610,60,,
06298,0629892110,180,,
06319,0631924510,120,,
06278,0627850710,60,,
06310,0631024210,180,,
06177,0617724610,120,,
04177,0417761210,60,,
03176,0317619110,60,,
05171,0517124510,120,,
04134,0413499710,60,,
04133,0413337210,60,,
05330,0533061210,60,,
02130,0213061210,60,,
06325,0632529310,30,,
03224,0322456810,30,,
03190,0319062410,60,,
05182,0518237210,60,,
06222,0622246510,30,,
06324,0632461210,60,,
05121,0512129310,120,,
16361,1636199510,60,,
05418,0541824510,120,,
06288,0628861210,60,,
03723,0372324210,60,,
06265,0626584410,60,,
03183,0318361610,30,,
01114,0111426310,60,,
05164,0516499510,30,,
06822,0682237210,60,,
06794,0679424510,60,,
06313,0631324510,60,,
03200,0320091110,60,,
05121,0512121910,120,,
16352,1635299510,120,,
02112,0211219110,60,,
03143,0314391110,120,,
04174,0417424610,60,,
02133,0213391710,60,,
04151,0415191210,150,,
06272,0627246610,60,,
06634,0663461210,30,,
01107,0110724210,180,,
06766,0676624510,120,,
06217,0621737210,60,,
05390,0539024610,60,,
05169,0516924510,120,,
06634,0663424610,90,,
16357,1635724610,60,,
05380,0538061210,120,,
05139,0513946410,60,,
04703,0470392110,60,,
06282,0628229310,60,,
05380,0538037210,60,,
04172,0417229310,60,,
04151,0415137010,150,,
05108,0510826310,120,,
02136,0213691210,30,,
06313,0631329310,60,,
02112,0211293210,30,,
04145,0414519110,60,,
16354,1635437210,60,,
06758,0675892110,30,,
06149,0614919110,60,,
03012,0301224510,60,,
03477,0347719110,60,,
02779,0277937210,60,,
03194,0319424610,60,,
02508,0250890610,60,,
06794,0679499510,60,,
05151,0515161210,120,,
04181,0418119110,60,,
04167,0416719110,120,,
06265,0626524610,120,,
06305,0630519110,18,,
05513,0551337210,60,,
06214,0621424510,180,,
06283,0628361210,120,,
06303,0630324210,60,,
06141,0614124510,180,,
06315,0631561210,60,,
01114,0111424610,120,,
03725,0372524610,60,,
01101,0110135610,60,,
16357,1635724510,60,,
02508,0250890810,60,,
04025,0402524210,60,,
05331,0533124610,60,,
06310,0631024610,120,,
06288,0628819110,60,,
04116,0411637610,60,,
06643,0664326310,60,,
03436,0343690010,30,,
04143,0414361210,54,,
03139,0313924610,180,,
05380,0538019110,90,,
06317,0631791610,120,,
06320,0632037810,60,,
03199,0319991210,180,,
02533,0253399510,180,,
05545,0554591710,120,,
04163,0416319110,60,,
04167,0416761210,120,,
06268,0626829310,60,,
16121,1612129310,60,,
06156,0615624610,180,,
04147,0414719110,60,,
02146,0214637210,30,,
03036,0303651910,16,,
04151,0415124610,150,,
03185,0318591610,60,,
03200,0320061210,90,,
06766,0676619110,30,,
05177,0517724610,120,,
03277,0327793510,60,,
03185,0318599510,120,,
03154,0315460210,30,,
05408,0540824510,60,,
02113,0211326310,120,,
06298,0629829310,180,,
06207,0620799510,180,,
04138,0413819110,30,,
03206,0320691110,90,,
06467,0646724210,120,,
06308,0630824510,60,,
02136,0213637210,60,,
06839,0683991210,60,,
03147,0314761210,60,,
05365,0536561210,60,,
05497,0549791710,60,,
06265,0626592110,60,,
03198,0319861210,60,,
06322,0632237210,60,,
03182,0318224610,120,,
03465,0346592110,120,,
04116,0411624210,180,,
04163,0416324210,150,,
03217,0321761210,60,,
03277,0327735610,60,,
04139,0413924210,180,,
06272,0627261210,120,,
03222,0322219110,30,,
06293,0629329310,60,,
02666,0266656610,120,,
02772,0277237210,60,,
03012,0301261210,60,,
06183,0618361210,54,,
03176,0317626710,120,,
06822,0682261210,60,,
05390,0539092110,60,,
01120,0112024210,120,,
06321,0632137210,60,,
02254,0225461210,60,,
05109,0510956610,60,,
05411,0541129310,30,,
06326,0632637210,60,,
06315,0631529310,60,,
06304,0630429310,60,,
04137,0413761210,30,,
06444,0644461210,30,,
06182,0618237210,120,,
03210,0321024510,180,,
05125,0512550710,60,,
05169,0516929310,60,,
04174,0417426510,60,,
06271,0627184410,60,,
03218,0321890010,60,,
06305,0630524610,60,,
03146,0314629310,60,,
02114,0211437210,120,,
14005,1400550710,75,,
02522,0252224510,120,,
03423,0342337210,60,,
05414,0541429310,60,,
02146,0214624210,30,,
02146,0214661210,30,,
06991,0699124510,180,,
06267,0626792210,60,,
06144,0614424610,90,,
06028,0602825410,60,,
02112,0211229310,60,,
03154,0315461210,60,,
02508,0250893710,60,,
16352,1635224610,60,,
03726,0372699510,60,,
06315,0631524210,120,,
02136,0213624610,60,,
03477,0347724510,60,,
05401,0540124510,120,,
06275,0627524510,120,,
06269,0626992510,60,,
05414,0541461210,60,,
06635,0663592110,60,,
04004,0400424210,60,,
06268,0626826210,180,,
05121,0512124610,120,,
02134,0213461210,60,,
06185,0618524610,60,,
02634,0263424510,60,,
06146,0614650710,60,,
05381,0538199510,60,,
06319,0631924610,30,,
06466,0646624210,60,,
04116,0411629310,60,,
04139,0413984410,60,,
06770,0677061210,30,,
06319,0631929310,60,,
03462,0346261210,30,,
04703,0470391210,60,,
06265,0626537210,120,,
05170,0517019110,30,,
03207,0320760210,60,,
06269,0626924210,120,,
01116,0111624210,180,,
01101,0110124210,120,,
05408,0540819110,60,,
05509,0550924510,60,,
06634,0663424510,90,,
06177,0617750710,60,,
03176,0317624610,240,,
03012,0301229310,60,,
06771,0677124510,60,,
04123,0412308210,60,,
02129,0212929310,60,,
05151,0515119110,60,,
01012,0101219110,60,,
06141,0614126210,60,,
03726,0372637210,60,,
04175,0417519110,60,,
02772,0277219110,60,,
03462,0346224510,30,,
03036,0303651110,18,,
03148,0314824610,120,,
04142,0414291710,60,,
05177,0517719110,60,,
02020,0202024610,60,,
03012,0301289610,60,,
06273,0627319110,120,,
06754,0675437210,60,,
03154,0315424610,120,,
04135,0413519110,60,,
02637,0263737210,60,,
05418,0541891610,60,,
05249,0524924510,54,,
16121,1612126310,60,,
02133,0213324210,120,,
06283,0628326310,60,,
05162,0516229310,120,,
06444,0644424510,120,,
06815,0681519110,30,,
04133,0413324510,60,,
06217,0621724210,180,,
06797,0679792610,60,,
06149,0614984410,120,,
06714,0671461210,60,,
02779,0277924210,120,,
05168,0516824510,60,,
16351,1635124210,60,,
03188,0318891110,120,,
04144,0414419110,60,,
06139,0613992110,60,,
03221,0322161210,60,,
03204,0320429310,60,,
04138,0413899710,180,,
04196,0419619110,30,,
02020,0202029310,30,,
06640,0664037210,60,,
01180,0118026310,60,,
06139,0613924610,120,,
02771,0277137210,60,,
01127,0112729310,60,,
03467,0346761210,60,,
06271,0627124610,180,,
03139,0313990010,120,,
04163,0416391210,60,,
04133,0413324210,60,,
05169,0516937210,60,,
06219,0621929310,30,,
06991,0699156610,180,,
04613,0461337210,60,,
06185,0618524510,180,,
02129,0212961210,60,,
06155,0615529310,60,,
06138,0613861210,30,,
03223,0322324510,180,,
02131,0213137210,60,,
03475,0347561210,30,,
16006,1600692110,75,,
06772,0677224510,120,,
06214,0621419110,60,,
06274,0627461210,120,,
02508,0250850310,30,,
03036,0303651410,34,,
05109,0510937210,120,,
05182,0518229310,60,,
06782,0678219110,60,,
03193,0319337210,60,,
05103,0510319110,60,,
06808,0680824510,180,,
03471,0347161210,30,,
06004,0600446410,60,,
01114,0111437210,120,,
06298,0629819110,60,,
02758,0275899710,60,,
04197,0419724210,60,,
03190,0319024610,60,,
03206,0320690010,60,,
06284,0628424610,120,,
03199,0319924510,180,,
06268,0626850710,60,,
03147,0314724510,60,,
03183,0318319110,60,,
05303,0530329310,60,,
06149,0614937210,60,,
06310,0631061210,120,,
05160,0516019110,120,,
03447,0344724510,60,,
02129,0212991110,60,,
04196,0419691210,60,,
04649,0464961210,60,,
03012,0301262610,60,,
03199,0319924610,180,,
06319,0631926310,30,,
06222,0622289610,60,,
04123,0412324610,120,,
06203,0620361210,90,,
06321,0632161210,30,,
06250,0625050710,60,,
06628,0662824510,120,,
06609,0660924510,120,,
06267,0626729310,60,,
03197,0319761210,120,,
06758,0675824510,60,,
06402,0640225910,60,,
05370,0537019110,60,,
03220,0322024510,42,,
02641,0264124210,60,,
02641,0264129310,60,,
05004,0500419110,60,,
04118,0411824510,108,,
05161,0516199510,60,,
06322,0632292110,60,,
06796,0679661210,60,,
03546,0354691110,60,,
03189,0318950710,60,,
03214,0321492010,90,,
02133,0213329310,60,,
01130,0113061210,30,,
01126,0112624210,120,,
03033,0303337810,25,,
06272,0627219110,120,,
03143,0314361210,60,,
05151,0515129310,60,,
05303,0530384410,60,,
06178,0617824510,300,,
02777,0277724210,60,,
06811,0681161210,60,,
06282,0628246610,60,,
04172,0417224210,120,,
04151,0415161210,120,,
05223,0522361210,60,,
02020,0202050710,30,,
04137,0413724210,240,,
06326,0632619110,60,,
04138,0413824610,120,,
06250,0625091110,180,,
02136,0213692110,30,,
04138,0413891210,180,,
06317,0631729310,60,,
14005,1400572910,15,,
06467,0646737210,60,,
04174,0417426610,60,,
03194,0319491210,180,,
04190,0419019110,60,,
01101,0110137210,120,,
03475,0347524510,180,,
05380,0538024510,180,,
06183,0618337210,30,,
02634,0263492110,60,,
06466,0646619110,30,,
05108,0510824610,180,,
06007,0600729310,60,,
05380,0538029310,120,,
06878,0687824210,60,,
06028,0602850710,60,,
06007,0600724610,60,,
04143,0414399510,60,,
04167,0416724610,180,,
05139,0513924610,120,,
03215,0321524210,120,,
06325,0632524510,60,,
06138,0613824610,90,,
06273,0627324610,360,,
02112,0211291210,60,,
02772,0277292110,60,,
04123,0412324210,180,,
04123,0412326610,60,,
06298,0629824610,180,,
02522,0252237210,60,,
05182,0518224510,120,,
03351,0335191210,60,,
03219,0321924610,60,,
01005,0100551710,15,,
06756,0675629310,30,,
06274,0627499510,60,,
06177,0617761210,300,,
06834,0683426310,120,,
05004,0500429310,60,,
03467,0346791110,120,,
05411,0541124510,120,,
03206,0320624510,60,,
03033,0303361210,46,,
03196,0319624510,180,,
04144,0414424610,60,,
05414,0541426310,60,,
06267,0626761210,180,,
05108,0510861210,120,,
05139,0513999510,60,,
03200,0320024610,60,,
05545,0554584410,60,,
03471,0347199510,120,,
04177,0417737210,60,,
04135,0413524610,60,,
06275,0627524610,60,,
03012,0301237610,60,,
03219,0321961210,30,,
03187,0318719110,120,,
04703,0470370110,60,,
03182,0318299510,120,,
06149,0614925310,60,,
05409,0540924510,120,,
06755,0675524510,120,,
06767,0676799510,120,,
06268,0626825210,60,,
06772,0677261210,150,,
02113,0211384410,120,,
06207,0620724510,240,,
06324,0632424510,90,,
06758,0675837210,30,,
01126,0112684410,60,,
04167,0416725110,120,,
03503,0350361210,60,,
06901,0690137210,60,,
06267,0626791110,180,,
03221,0322119110,60,,
04143,0414319110,54,,
03196,0319691210,60,,
16357,1635791110,60,,
05004,0500424510,60,,
05177,0517724510,180,,
06270,0627037210,60,,
01117,0111735610,60,,
03204,0320424510,180,,
06220,0622037210,120,,
06278,0627892110,120,,
16006,1600619110,150,,
02516,0251624210,120,,
06304,0630461210,30,,
06795,0679519110,30,,
04134,0413437210,60,,
01268,0126861210,30,,
03423,0342325810,30,,
05171,0517161210,60,,
02135,0213519110,60,,
05414,0541424510,120,,
03147,0314729310,30,,
06622,0662299510,120,,
05172,0517219110,60,,
03194,0319419110,60,,
03197,0319737210,60,,
03196,0319692010,60,,
06222,0622224210,120,,
06797,0679792210,30,,
03203,0320329310,60,,
06768,0676861210,60,,
06466,0646661210,30,,
06797,0679724210,120,,
06317,0631762410,60,,
03200,0320091010,60,,
02134,0213429310,60,,
03199,0319961210,180,,
06219,0621919110,54,,
06250,0625037210,120,,
03193,0319324610,40,,
06207,0620729310,60,,
06321,0632199510,60,,
05139,0513950710,60,,
06325,0632593310,60,,
02131,0213161210,30,,
04104,0410461210,60,,
06141,0614191610,60,,
16354,1635492110,60,,
05409,0540937210,60,,
06267,0626737210,120,,
03147,0314719110,30,,
06839,0683929310,60,,
06310,0631091310,60,,
04197,0419729310,60,,
01265,0126524210,60,,
06005,0600519110,60,,
06185,0618561210,210,,
04143,0414324210,30,,
03216,0321619110,60,,
04703,0470329310,60,,
06184,0618424610,60,,
03503,0350329310,60,,
06138,0613819110,30,,
06184,0618437210,60,,
05365,0536525110,60,,
04174,0417437210,60,,
06321,0632124210,120,,
06319,0631937210,60,,
03042,0304291810,60,,
03196,0319691110,120,,
03193,0319350710,60,,
04151,0415100210,90,,
06269,0626950710,60,,
02116,0211661510,30,,
02134,0213491210,60,,
03277,0327724610,60,,
06179,0617999510,60,,
06219,0621924210,120,,
04175,0417599710,60,,
05331,0533124510,180,,
05164,0516461210,30,,
05303,0530361210,60,,
04141,0414124510,60,,
04188,0418861210,30,,
02113,0211350110,60,,
06781,0678119110,60,,
04104,0410424610,60,,
04123,0412329310,120,,
03189,0318937210,120,,
03211,0321192010,60,,
03477,0347792110,120,,
03222,0322261210,30,,
03471,0347124610,60,,
04648,0464861210,30,,
06811,0681137210,60,,
03148,0314893310,60,,
06178,0617824610,120,,
01123,0112319110,60,,
05168,0516819110,30,,
05390,0539061210,60,,
03139,0313946110,60,,
06214,0621461210,120,,
03436,0343661210,30,,
06782,0678229310,60,,
06311,0631137210,60,,
04193,0419337010,60,,
06278,0627837210,60,,
06283,0628324210,180,,
05109,0510961210,90,,
01002,0100261210,60,,
05108,0510819110,120,,
06901,0690124210,90,,
06268,0626824210,300,,
02282,0228219110,60,,
06781,0678161210,60,,
01116,0111661210,60,,
16351,1635137210,60,,
03135,0313524610,120,,
03436,0343624610,60,,
03222,0322229310,30,,
03201,0320119110,60,,
03148,0314890010,120,,
01105,0110526310,120,,
05160,0516024610,120,,
03462,0346229310,30,,
02136,0213661210,180,,
03475,0347591110,180,,
03175,0317524510,180,,
05152,0515291110,60,,
06757,0675761210,30,,
03223,0322361210,60,,
06310,0631037210,120,,
03201,0320199510,60,,
02666,0266692110,30,,
05177,0517799510,120,,
05330,0533024510,120,,
06468,0646837210,60,,
04137,0413724610,120,,
03440,0344061210,90,,
03193,0319361210,60,,
06284,0628424510,240,,
04163,0416329310,60,,
03194,0319437210,60,,
02015,0201524510,60,,
04613,0461326510,60,,
04116,0411691110,180,,
06036,0603637210,60,,
06762,0676229310,60,,
04188,0418824210,90,,
05104,0510429310,60,,
06762,0676224210,120,,
03217,0321719110,60,,
04025,0402561210,60,,
06795,0679561210,30,,
06635,0663537210,60,,
06545,0654526310,60,,
06757,0675719110,30,,
02113,0211325710,120,,
16352,1635224210,120,,
06207,0620746610,30,,
01125,0112519110,60,,
02637,0263799710,60,,
02020,0202060610,60,,
04143,0414329310,54,,
06274,0627437210,120,,
01119,0111924210,120,,
04104,0410490010,60,,
03211,0321190010,60,,
04139,0413991110,180,,
02020,0202046610,40,,
06149,0614925210,60,,
03042,0304229310,60,,
05124,0512424510,120,,
04123,0412399510,120,,
16355,1635584410,60,,
06222,0622257010,30,,
06635,0663524510,120,,
05152,0515224210,240,,
06149,0614992110,120,,
06803,0680337910,30,,
05223,0522324510,60,,
02779,0277999510,60,,
03187,0318724610,180,,
06122,0612237210,120,,
06005,0600529310,60,,
01121,0112137210,60,,
05004,0500461210,60,,
06270,0627099510,60,,
03440,0344037210,45,,
03198,0319824610,60,,
05433,0543392110,120,,
06139,0613937210,120,,
04177,0417724610,60,,
05172,0517237210,120,,
03208,0320837210,60,,
03199,0319992010,60,,
03211,0321192110,60,,
03221,0322137210,60,,
05401,0540126310,120,,
05172,0517229310,60,,
06632,0663219110,30,,
03033,0303319110,46,,
06732,0673219110,120,,
03218,0321892110,60,,
01107,0110737210,60,,
06146,0614637210,180,,
04177,0417724210,240,,
03445,0344537210,30,,
06644,0664437210,30,,
04141,0414161210,60,,
04679,0467919110,60,,
02111,0211124210,90,,
03423,0342324510,240,,
06144,0614419110,30,,
06175,0617524610,120,,
03193,0319392110,30,,
03219,0321919110,30,,
01126,0112619110,60,,
04151,0415119110,90,,
02770,0277099510,60,,
04138,0413826010,180,,
03183,0318391110,120,,
06271,0627137210,240,,
06308,0630861210,60,,
03188,0318890010,120,,
03206,0320629310,60,,
06222,0622261210,60,,
06759,0675924510,60,,
04116,0411626010,60,,
06187,0618737210,120,,
03147,0314724610,60,,
03176,0317692110,240,,
01121,0112124210,120,,
06781,0678137210,60,,
06145,0614526310,60,,
03042,0304262410,60,,
06769,0676919110,90,,
03192,0319226310,60,,
05121,0512161210,120,,
03465,0346519110,30,,
03277,0327724510,120,,
03353,0335324610,30,,
01125,0112529310,30,,
06273,0627337210,360,,
06269,0626990010,120,,
01130,0113019110,30,,
06325,0632537810,60,,
06122,0612261210,120,,
04116,0411637210,60,,
06305,0630524210,60,,
03203,0320390010,60,,
05395,0539524510,60,,
06155,0615591110,180,,
03257,0325724610,60,,
03187,0318761210,60,,
04134,0413424210,60,,
06284,0628429310,60,,
06149,0614924510,180,,
06141,0614137210,120,,
04104,0410425110,120,,
04151,0415124210,180,,
04174,0417461210,60,,
06815,0681561210,60,,
02533,0253384410,120,,
01121,0112161210,60,,
05109,0510991610,120,,
03042,0304299510,60,,
06625,0662519110,23,,
04142,0414224210,180,,
01107,0110799510,180,,
02250,0225061210,90,,
05168,0516861210,60,,
02666,0266624210,120,,
06780,0678029310,60,,
01120,0112029310,60,,
06005,0600537210,60,,
06250,0625024210,360,,
03445,0344592010,30,,
04181,0418161210,60,,
01117,0111799510,60,,
04004,0400437210,60,,
04144,0414461210,60,,
06756,0675637210,60,,
03219,0321937210,30,,
04147,0414724210,180,,
06145,0614524510,120,,
03217,0321737210,60,,
06178,0617861210,330,,
03176,0317690010,60,,
02508,0250891110,60,,
06325,0632519110,30,,
06796,0679619110,60,,
02252,0225229710,30,,
06250,0625061210,120,,
06219,0621961210,54,,
04147,0414799510,90,,
06278,0627824510,120,,
03210,0321024610,180,,
06283,0628326610,60,,
02127,0212737210,60,,
06757,0675737210,120,,
05223,0522337210,60,,
03033,0303337210,51,,
05139,0513919110,60,,
04123,0412319110,120,,
05382,0538221910,60,,
16121,1612124510,120,,
02112,0211292910,30,,
05179,0517984410,60,,
06222,0622289010,60,,
02282,0228224610,30,,
03175,0317524610,120,,
06732,0673224510,180,,
06622,0662261210,60,,
03184,0318461210,60,,
05181,0518129310,120,,
06298,0629899510,360,,
01002,0100229310,60,,
02254,0225424610,60,,
04134,0413424610,60,,
03477,0347761210,60,,
16351,1635119110,60,,
03188,0318862410,60,,
05164,0516429310,60,,
03204,0320437210,120,,
01127,0112799510,60,,
01012,0101237210,60,,
06811,0681119110,60,,
06275,0627529310,60,,
05330,0533037210,60,,
06005,0600524610,60,,
06311,0631124510,180,,
05104,0510424510,180,,
04123,0412361210,120,,
06005,0600561210,60,,
05130,0513019110,60,,
02008,0200824610,60,,
05396,0539629310,30,,
16355,1635592110,60,,
04188,0418819110,60,,
02127,0212761210,60,,
05124,0512461210,60,,
03182,0318250710,60,,
04144,0414424210,120,,
06182,0618219110,120,,
06315,0631584410,30,,
01101,0110161210,60,,
06803,0680319110,60,,
03223,0322392610,60,,
03471,0347124510,180,,
02777,0277761210,60,,
06769,0676924610,60,,
06991,0699199510,120,,
06214,0621421910,60,,
05381,0538119110,60,,
05161,0516137810,60,,
16006,1600624210,300,,
02189,0218919110,60,,
05509,0550924610,60,,
06609,0660937210,60,,
06402,0640291110,60,,
03182,0318237210,60,,
03202,0320224510,60,,
03467,0346737210,60,,
02771,0277199510,60,,
02777,0277737210,60,,
02770,0277061210,60,,
06901,0690184410,60,,
04147,0414724610,60,,
05381,0538161210,60,,
01128,0112824610,120,,
01268,0126899510,30,,
03209,0320924610,60,,
06144,0614492110,60,,
04145,0414524210,180,,
06145,0614529310,60,,
03503,0350326310,60,,
04302,0430224510,54,,
05130,0513024510,60,,
05411,0541137210,30,,
06283,0628392010,60,,
02135,0213524210,180,,
06797,0679725910,60,,
03183,0318337210,60,,
03199,0319926310,60,,
03175,0317561210,60,,
03467,0346724510,60,,
05382,0538261210,60,,
01116,0111650710,60,,
05239,0523929310,30,,
06214,0621429310,60,,
04116,0411691710,60,,
04613,0461391210,60,,
06310,0631084410,120,,
01180,0118061210,60,,
05597,0559724610,60,,
04138,0413861210,30,,
06319,0631919110,60,,
03211,0321137210,60,,
05151,0515137210,60,,
03194,0319499510,120,,
05401,0540184410,60,,
02020,0202024210,120,,
06207,0620737210,180,,
06277,0627719110,60,,
05399,0539924510,60,,
06324,0632437210,60,,
04613,0461324510,90,,
06122,0612224510,180,,
02508,0250890710,60,,
04116,0411619110,60,,
16121,1612161210,60,,
05370,0537099510,60,,
06220,0622084410,60,,
05249,0524929310,54,,
03154,0315491110,120,,
03439,0343990010,60,,
03185,0318524510,180,,
01002,0100224210,60,,
04188,0418829310,60,,
04142,0414237210,60,,
06273,0627391310,360,,
04143,0414337210,54,,
06609,0660919110,30,,
02113,0211361210,120,,
05103,0510384410,120,,
06628,0662829310,60,,
06808,0680861210,60,,
06298,0629824510,360,,
01117,0111761210,60,,
06794,0679461210,60,,
05399,0539929310,60,,
06878,0687819110,30,,
05104,0510419110,60,,
04167,0416725710,60,,
06545,0654524210,120,,
06762,0676261210,90,,
03546,0354629310,60,,
06265,0626519110,60,,
06320,0632092810,60,,
04181,0418137210,60,,
06145,0614524610,120,,
06632,0663224510,240,,
05152,0515261210,60,,
06004,0600460210,60,,
06183,0618324510,54,,
05152,0515237210,60,,
02533,0253392810,60,,
05172,0517292110,60,,
06184,0618429310,60,,
05545,0554524210,180,,
04679,0467929310,60,,
06767,0676719110,30,,
06298,0629827110,60,,
03223,0322390010,60,,
03224,0322424510,60,,
06155,0615519110,60,,
03014,0301461210,60,,
03724,0372424610,120,,
06175,0617591110,120,,
04133,0413329310,60,,
06640,0664024210,60,,
06267,0626708210,60,,
03184,0318490010,60,,
06808,0680837210,54,,
06272,0627299510,180,,
03189,0318924610,60,,
05331,0533119110,60,,
02015,0201599510,60,,
05433,0543324610,60,,
06182,0618261210,90,,
06758,0675899510,60,,
06278,0627837810,60,,
03212,0321219110,30,,
03204,0320424610,120,,
06028,0602819110,60,,
06206,0620699510,60,,
06177,0617708210,60,,
01002,0100237210,60,,
03471,0347162410,30,,
02133,0213361210,30,,
06326,0632661210,60,,
02146,0214619110,30,,
06187,0618724510,180,,
06223,0622324210,180,,
06769,0676961210,150,,
06803,0680391110,30,,
05108,0510837210,120,,
06632,0663229310,60,,
04174,0417499710,60,,
03440,0344019110,90,,
02136,0213619110,180,,
06206,0620624610,60,,
04163,0416361210,60,,
02189,0218992510,60,,
05139,0513937210,60,,
03198,0319824510,60,,
06141,0614119110,60,,
05330,0533024610,120,,
01265,0126519110,60,,
06274,0627424610,120,,
06715,0671529310,30,,
03187,0318791810,60,,
03462,0346219110,30,,
05382,0538219110,60,,
06635,0663561210,60,,
03726,0372624510,60,,
06273,0627392010,180,,
06803,0680324210,60,,
03139,0313924510,180,,
02131,0213119110,30,,
05003,0500352310,15,,
05103,0510337210,120,,
06545,0654529310,30,,
06839,0683924210,180,,
06214,0621491110,120,,
02113,0211301110,30,,
04197,0419737010,30,,
06156,0615661210,120,,
05401,0540119110,23,,
05109,0510929310,90,,
06796,0679624510,120,,
06222,0622291110,120,,
06303,0630319110,60,,
03436,0343629310,30,,
06771,0677161210,60,,
03470,0347024210,60,,
01128,0112829310,60,,
03135,0313537210,120,,
05184,0518424510,27,,
05418,0541861210,60,,
06139,0613929310,120,,
06007,0600719110,60,,
01130,0113024210,60,,
05106,0510661210,30,,
03176,0317691010,180,,
06274,0627429310,60,,
02254,0225429310,60,,
03215,0321537210,120,,
16355,1635524610,60,,
02127,0212791610,60,,
01276,0127629310,60,,
05170,0517061210,30,,
02771,0277124210,60,,
01180,0118029310,60,,
03187,0318724510,180,,
06273,0627392710,180,,
06313,0631337210,60,,
06298,0629861210,180,,
02112,0211284410,60,,
01105,0110526710,60,,
04137,0413791210,120,,
06222,0622237210,120,,
06643,0664337210,60,,
05160,0516024510,120,,
01125,0112524210,60,,
06780,0678091210,60,,
06149,0614929310,60,,
03201,0320161210,60,,
06628,0662884410,60,,
05370,0537029310,60,,
06622,0662237210,30,,
01127,0112724510,120,,
03183,0318361210,30,,
06275,0627592110,60,,
16361,1636137210,60,,
04302,0430219110,30,,
04174,0417426010,60,,
06139,0613999510,120,,
06272,0627221910,60,,
05256,0525624510,60,,
02113,0211329310,120,,
06468,0646829310,60,,
01120,0112037210,30,,
04135,0413524210,150,,
06270,0627019110,60,,
04302,0430261210,30,,
05164,0516446610,30,,
04139,0413929310,60,,
03146,0314624610,60,,
05152,0515291310,120,,
01265,0126524610,60,,
06203,0620319110,60,,
03190,0319037210,120,,
02116,0211637210,30,,
03203,0320324510,120,,
03212,0321224510,180,,
06756,0675661210,60,,
04190,0419029310,60,,
05104,0510461210,60,,
04143,0414324510,54,,
06305,0630537210,36,,
14005,1400550110,12,,
06282,0628237210,120,,
03445,0344519110,30,,
03202,0320261210,60,,
06139,0613984410,60,,
01182,0118219110,60,,
01114,0111424210,180,,
05382,0538237210,60,,
03033,0303324510,46,,
03211,0321124610,120,,
05124,0512462410,60,,
04142,0414224610,60,,
02516,0251661210,30,,
06278,0627862510,60,,
04167,0416737210,180,,
06207,0620761210,180,,
01127,0112724210,120,,
03467,0346729310,60,,
06772,0677237210,60,,
06139,0613961210,180,,
06206,0620637210,60,,
03353,0335324510,120,,
05303,0530324510,120,,
02008,0200861210,60,,
06004,0600424510,60,,
06822,0682224610,60,,
05173,0517337210,60,,
03475,0347519110,30,,
06325,0632561210,60,,
05121,0512119110,120,,
04123,0412337210,120,,
06640,0664061210,120,,
06781,0678124210,120,,
03465,0346561210,30,,
02533,0253324210,180,,
06275,0627519110,60,,
03202,0320290010,30,,
01130,0113035610,30,,
03462,0346246610,30,,
02008,0200824210,60,,
06146,0614691110,180,,
16006,1600661210,150,,
03147,0314791710,30,,
05173,0517399510,120,,
03207,0320724610,120,,
05151,0515199510,120,,
03192,0319224510,120,,
04196,0419624210,60,,
03148,0314899510,60,,
04167,0416791110,60,,
06625,0662524510,15,,
05106,0510684410,60,,
06223,0622337210,60,,
01114,0111461210,60,,
04135,0413537210,60,,
06277,0627724210,90,,
04175,0417537210,60,,
04142,0414261210,60,,
03194,0319424510,180,,
02137,0213729710,30,,
03218,0321824610,60,,
03204,0320490010,60,,
16357,1635737210,60,,
04196,0419691010,60,,
05181,0518137210,120,,
02637,0263724510,120,,
02135,0213561210,60,,
03148,0314837210,60,,
04167,0416737810,60,,
05597,0559799710,60,,
02112,0211291110,60,,
04703,0470324210,120,,
02779,0277924610,60,,
02252,0225261210,60,,
06155,0615591310,180,,
03216,0321624510,60,,
05396,0539619110,30,,
06207,0620791610,60,,
03196,0319661210,60,,
06122,0612291210,120,,
04147,0414737210,90,,
03221,0322191110,120,,
06036,0603626310,60,,
05104,0510450710,30,,
04188,0418870110,120,,
03175,0317519110,60,,
06632,0663292110,120,,
06223,0622399510,60,,
03190,0319019110,60,,
06207,0620724610,60,,
02516,0251692110,90,,
06144,0614461210,30,,
01117,0111719110,60,,
06715,0671561210,30,,
03207,0320737210,120,,
06766,0676637210,60,,
03208,0320824610,60,,
05411,0541161210,30,,
03723,0372329310,60,,
05370,0537061210,60,,
02134,0213437810,60,,
03351,0335119110,60,,
03176,0317699510,240,,
03207,0320790010,120,,
01119,0111961210,60,,
04613,0461361210,60,,
03197,0319729310,60,,
06772,0677229310,60,,
03012,0301219110,60,,
05109,0510992110,60,,
03223,0322319110,60,,
05239,0523961210,30,,
06278,0627861210,120,,
05161,0516161210,60,,
06310,0631099510,120,,
03447,0344761210,30,,
06146,0614691210,120,,
03146,0314637210,60,,
06317,0631761210,60,,
06782,0678299510,60,,
06250,0625091210,180,,
16361,1636124510,60,,
03188,0318824510,120,,
03439,0343924510,120,,
02533,0253361210,120,,
01128,0112837210,60,,
01268,0126835610,30,,
06273,0627361210,360,,
06762,0676219110,60,,
06757,0675726310,120,,
06036,0603624210,60,,
02136,0213624210,60,,
02637,0263724610,60,,
04167,0416735610,120,,
04151,0415108210,90,,
04167,0416726710,60,,
03257,0325724510,60,,
05380,0538024610,120,,
03189,0318924510,120,,
05177,0517761210,60,,
03546,0354619110,60,,
05161,0516119110,60,,
05121,0512125710,60,,
03176,0317637210,120,,
03216,0321661210,30,,
05171,0517126310,60,,
03187,0318737210,120,,
05162,0516219110,120,,
05162,0516299510,120,,
01128,0112891210,60,,
06223,0622319110,60,,
02138,0213824210,60,,
05182,0518219110,60,,
06780,0678024210,180,,
02021,0202181610,12,,
06144,0614424510,150,,
04116,0411691310,120,,
03192,0319292010,60,,
03182,0318224510,180,,
05382,0538224510,90,,
06757,0675726010,120,,
06762,0676237210,60,,
06307,0630724610,60,,
04135,0413561210,60,,
06269,0626919110,60,,
06808,0680826310,180,,
02772,0277224510,60,,
03189,0318946610,60,,
03215,0321524510,240,,
06146,0614624510,360,,
06322,0632224510,60,,
04025,0402537210,60,,
05399,0539992110,60,,
06269,0626946410,30,,
02254,0225437210,60,,
04137,0413791110,120,,
06755,0675561210,120,,
06145,0614537210,120,,
05162,0516224610,120,,
01125,0112526310,60,,
06146,0614692710,180,,
06250,0625019110,120,,
03219,0321924510,120,,
05256,0525624610,60,,
02189,0218937210,60,,
04167,0416799510,120,,
03154,0315491210,60,,
06622,0662256610,60,,
06732,0673237210,180,,
03033,0303350710,46,,
06293,0629337210,90,,
03148,0314825210,60,,
04145,0414537210,60,,
03042,0304250410,60,,
05399,0539961210,60,,
03176,0317661210,60,,
06274,0627424510,120,,
01265,0126537210,60,,
06155,0615526010,60,,
04192,0419291110,60,,
05160,0516061210,120,,
06317,0631799510,60,,
14005,1400550310,12,,
03146,0314600210,60,,
05181,0518199510,60,,
02137,0213761210,60,,
03175,0317529310,60,,
02522,0252224610,60,,
06288,0628837210,60,,
02114,0211491110,60,,
05160,0516029310,60,,
06649,0664924510,180,,
16361,1636184410,60,,
03723,0372324510,60,,
03470,0347024510,120,,
05411,0541119110,30,,
03199,0319992110,120,,
06632,0663299510,120,,
04116,0411626710,60,,
05169,0516919110,60,,
06265,0626561510,60,,
06283,0628329310,120,,
05130,0513061210,120,,
05179,0517919110,60,,
03723,0372399510,60,,
06797,0679737210,60,,
06822,0682224510,360,,
06315,0631519110,60,,
05497,0549719110,60,,
06184,0618461210,60,,
06273,0627391210,180,,
04004,0400446610,30,,
03036,0303672910,16,,
06187,0618761210,150,,
03353,0335329310,60,,
06275,0627562410,60,,
02250,0225024210,60,,
06298,0629837210,180,,
06715,0671524510,60,,
04147,0414761210,60,,
05433,0543324510,120,,
03216,0321691110,60,,
06185,0618537210,120,,
14005,1400552710,12,,
03188,0318824610,120,,
05244,0524491610,60,,
03175,0317546110,30,,
04648,0464824610,30,,
03470,0347029310,60,,
03214,0321484410,30,,
16121,1612119110,60,,
03148,0314837810,60,,
05263,0526337210,60,,
02129,0212919110,60,,
04192,0419261210,60,,
01105,0110519110,120,,
04196,0419661210,30,,
03175,0317591210,60,,
03200,0320037210,60,,
03012,0301237210,60,,
03224,0322492010,60,,
04123,0412350710,60,,
04123,0412325110,120,,
01101,0110124610,60,,
03724,0372499510,60,,
06273,0627391110,360,,
03724,0372490010,60,,
04163,0416337010,90,,
03185,0318537210,120,,
06288,0628824210,120,,
02641,0264161210,30,,
06220,0622029310,60,,
03207,0320761210,60,,
06028,0602850310,60,,
03135,0313561210,60,,
06272,0627237210,180,,
04175,0417561210,60,,
16006,1600629310,150,,
06325,0632592110,60,,
06278,0627829310,60,,
06320,0632019110,60,,
02770,0277029310,60,,
04133,0413361210,60,,
06794,0679437810,60,,
05181,0518119110,60,,
01265,0126535610,60,,
05103,0510337610,60,,
06122,0612219110,60,,
03503,0350319110,60,,
04142,0414291010,60,,
02116,0211619110,60,,
04151,0415192110,150,,
05331,0533161210,90,,
02758,0275829310,60,,
05401,0540124610,120,,
06609,0660926310,120,,
02777,0277724610,60,,
05509,0550999510,60,,
06815,0681524510,30,,
06222,0622219110,60,,
06272,0627224510,180,,
06468,0646824210,120,,
04141,0414119110,60,,
05152,0515229310,60,,
06004,0600437210,60,,
06545,0654537210,60,,
06758,0675819110,30,,
04118,0411829310,54,,
05162,0516291610,60,,
06156,0615699510,180,,
03190,0319037610,60,,
04123,0412337010,120,,
02666,0266624610,30,,
06325,0632525710,60,,
05370,0537024510,60,,
02129,0212924210,120,,
03353,0335361210,30,,
01120,0112050710,30,,
06179,0617924510,150,,
05331,0533129310,60,,
01276,0127661210,27,,
05125,0512524610,60,,
02113,0211319110,120,,
04147,0414729310,90,,
06901,0690158510,60,,
06755,0675519110,120,,
02522,0252219110,60,,
04193,0419324210,60,,
06609,0660961210,60,,
04649,0464924510,120,,
06772,0677224610,60,,
02250,0225029310,90,,
03219,0321991110,90,,
06175,0617537210,180,,
05181,0518161210,120,,
06156,0615629310,60,,
06177,0617737210,240,,
03184,0318424510,180,,
03198,0319899510,60,,
05418,0541819110,60,,
06991,0699184410,120,,
05365,0536529310,60,,
06277,0627761210,60,,
05244,0524425710,60,,
04167,0416737610,120,,
05396,0539661210,30,,
05173,0517319110,60,,
03146,0314624510,120,,
05172,0517291210,120,,
06179,0617937210,30,,
05104,0510437210,60,,
02129,0212937210,60,,
03209,0320999510,60,,
02020,0202089610,30,,
06270,0627061210,60,,
06223,0622329310,60,,
04118,0411819110,54,,
06281,0628191610,60,,
05249,0524919110,54,,
16352,1635237210,60,,
02134,0213424210,60,,
03175,0317591110,60,,
05177,0517729310,60,,
02116,0211624210,60,,
03197,0319724510,120,,
05161,0516125710,60,,
02131,0213124210,120,,
05168,0516837210,60,,
02771,0277124610,60,,
03423,0342361210,30,,
02133,0213384410,60,,
02114,0211419110,120,,
06138,0613824510,120,,
04151,0415129310,150,,
04648,0464829310,30,,
02113,0211362410,60,,
06795,0679524510,120,,
05179,0517926310,60,,
06219,0621946110,54,,
16006,1600669410,75,,
01268,0126819110,30,,
06281,0628124510,240,,
04613,0461329310,60,,
02250,0225099510,60,,
04138,0413829310,30,,
05173,0517361210,60,,
06155,0615524510,240,,
06796,0679637210,60,,
06756,0675699510,30,,
04144,0414429310,60,,
06222,0622226310,60,,
05597,0559724510,60,,
04174,0417429310,60,,
04025,0402519110,60,,
04649,0464919110,60,,
06206,0620661210,60,,
01107,0110729310,60,,
05396,0539624510,30,,
06714,0671424210,60,,
06780,0678019110,30,,
04648,0464819110,30,,
06649,0664961210,60,,
06732,0673261210,180,,
06217,0621784410,60,,
03176,0317625910,60,,
05171,0517129310,60,,
06325,0632537210,60,,
03014,0301419110,60,,
06468,0646891110,60,,
06622,0662224510,180,,
05160,0516091510,60,,
04192,0419224210,120,,
06313,0631361210,60,,
05162,0516224510,120,,
06175,0617524510,240,,
05170,0517091210,60,,
02282,0228229310,90,,
05003,0500350310,15,,
05303,0530319110,60,,
04174,0417424210,120,,
04181,0418124510,180,,
06146,0614661210,120,,
02032,0203290410,60,,
05256,0525684410,60,,
06635,0663519110,30,,
06757,0675729310,30,,
03724,0372424510,120,,
03220,0322024610,42,,
06007,0600761210,60,,
01276,0127619110,60,,
06182,0618224510,120,,
01107,0110719110,60,,
06293,0629399510,60,,
03206,0320656610,30,,
04104,0410429310,60,,
05139,0513924510,120,,
03143,0314324610,60,,
06307,0630737210,60,,
03257,0325791610,60,,
01005,0100552710,15,,
03470,0347061210,60,,
03135,0313599510,60,,
05172,0517224510,180,,
04139,0413992810,60,,
06283,0628300210,60,,
03192,0319229310,60,,
06811,0681124210,60,,
06284,0628461210,60,,
05109,0510924510,180,,
05169,0516961210,60,,
05162,0516261210,120,,
04104,0410491110,60,,
03222,0322260210,30,,
05179,0517929310,60,,
06155,0615591210,60,,
05181,0518124510,120,,
03036,0303650710,75,,
06822,0682219110,60,,
02252,0225224210,60,,
04679,0467926310,120,,
16006,1600662710,75,,
06468,0646884410,60,,
04188,0418837210,30,,
03436,0343624510,90,,
04137,0413737210,60,,
03223,0322399510,60,,
05124,0512419110,60,,
06179,0617961210,60,,
01002,0100246610,30,,
02250,0225037210,15,,
06028,0602861210,60,,
03033,0303352710,46,,
05003,0500350710,60,,
03351,0335124510,60,,
04649,0464929310,60,,
06283,0628350310,30,,
05164,0516424510,90,,
03203,0320337210,120,,
06811,0681129310,60,,
02111,0211161210,60,,
04190,0419024210,90,,
03503,0350324510,60,,
06767,0676724610,120,,
05390,0539019110,60,,
03190,0319026310,60,,
03175,0317537210,60,,
05106,0510629310,60,,
05121,0512137210,120,,
02641,0264199710,30,,
05179,0517961210,60,,
02770,0277024510,60,,
06444,0644419110,30,,
06217,0621792110,90,,
05160,0516062410,60,,
06220,0622061210,120,,
03423,0342324610,240,,
03189,0318961210,120,,
03146,0314692010,60,,
06782,0678224210,60,,
04193,0419391110,60,,
04134,0413429310,60,,
04174,0417419110,60,,
04145,0414529310,60,,
06632,0663237210,60,,
06758,0675861210,30,,
05151,0515124610,120,,
03465,0346524210,60,,
05160,0516084410,60,,
03197,0319724210,120,,
06004,0600419110,60,,
05263,0526329310,60,,
06007,0600737610,60,,
03187,0318750710,60,,
04190,0419061210,60,,
03014,0301429310,60,,
02133,0213399710,60,,
06635,0663529310,60,,
05177,0517784410,120,,
01276,0127624510,120,,
03209,0320924510,60,,
01120,0112089310,30,,
06311,0631124610,120,,
05152,0515219110,60,,
01117,0111724210,180,,
06313,0631319110,60,,
06628,0662826310,60,,
03146,0314699510,120,,
02758,0275824210,120,,
03211,0321126310,120,,
05109,0510924610,60,,
06298,0629821910,180,,
04135,0413591210,120,,
06643,0664329310,60,,
01126,0112629310,60,,
05513,0551324510,60,,
06317,0631724210,180,,
05003,0500350810,15,,
05509,0550937210,60,,
06271,0627124510,240,,
16006,1600637210,150,,
03198,0319824210,60,,
05239,0523919110,60,,
03471,0347125710,60,,
02111,0211129310,30,,
04172,0417237210,60,,
02113,0211324210,360,,
06321,0632119110,30,,
01105,0110561210,120,,
05390,0539029310,60,,
01180,0118024210,60,,
04138,0413824210,180,,
03546,0354624510,60,,
05162,0516237210,120,,
05172,0517261210,60,,
05223,0522329310,60,,
03143,0314324510,120,,
06144,0614499510,90,,
05184,0518429310,30,,
06220,0622019110,120,,
06321,0632129310,60,,
05109,0510919110,60,,
02008,0200837210,60,,
01125,0112561210,30,,
05177,0517737210,60,,
06317,0631784410,120,,
03223,0322324610,120,,
06759,0675961210,30,,
06767,0676724510,180,,
06304,0630424210,120,,
06222,0622288610,30,,
06803,0680329310,60,,
06268,0626837210,120,,
05395,0539561210,60,,
04004,0400419110,60,,
01005,0100550310,15,,
06141,0614161210,180,,
06317,0631719110,30,,
06004,0600461210,60,,
03207,0320724510,180,,
06313,0631326310,60,,
05124,0512484410,60,,
06141,0614124610,120,,
06755,0675526310,60,,
06769,0676924510,120,,
01121,0112124610,60,,
02135,0213591110,60,,
05164,0516419110,60,,
03222,0322224610,60,,
06293,0629324210,120,,
06214,0621456810,60,,
14005,1400552910,12,,
04123,0412326510,60,,
02130,0213024210,60,,
04703,0470326010,60,,
06265,0626524210,180,,
06320,0632029310,60,,
06634,0663437210,120,,
05249,0524961210,54,,
05399,0539924610,60,,
06756,0675619110,60,,
06028,0602837210,60,,
02533,0253329310,60,,
03423,0342390010,120,,
03353,0335319110,60,,
03723,0372324610,60,,
02127,0212792110,60,,
03218,0321861210,60,,
03184,0318424210,180,,
06156,0615624510,180,,
05365,0536592110,60,,
06326,0632624210,60,,
04172,0417226310,60,,
01182,0118224210,180,,
06149,0614924610,60,,
06270,0627024210,180,,
04193,0419361210,60,,
05409,0540961210,120,,
03148,0314824510,180,,
02008,0200829310,60,,
05381,0538129310,60,,
06770,0677024510,120,,
06206,0620624510,180,,
16355,1635524210,180,,
03436,0343619110,30,,
05121,0512150710,60,,
06467,0646729310,60,,
06878,0687891110,30,,
05184,0518419110,27,,
05172,0517299510,120,,
06184,0618419110,30,,
03224,0322491110,60,,
06155,0615524610,240,,
06649,0664919110,60,,
06649,0664929310,60,,
01123,0112361210,60,,
03439,0343992610,60,,
02508,0250891410,60,,
03465,0346599510,60,,
06177,0617724510,180,,
03196,0319637210,120,,
05161,0516124510,90,,
02112,0211261210,60,,
03201,0320190010,60,,
04142,0414299710,180,,
03033,0303324610,46,,
06643,0664319110,60,,
05139,0513984410,60,,
05151,0515184410,60,,
06794,0679437210,60,,
06203,0620362410,60,,
01116,0111619110,60,,
05433,0543384410,60,,
03192,0319291110,60,,
05130,0513029310,60,,
02770,0277019110,60,,
02777,0277799710,60,,
03210,0321037210,60,,
04135,0413529310,60,,
05244,0524492210,60,,
06281,0628161210,120,,
06794,0679492810,60,,
01105,0110524210,180,,
04177,0417737010,60,,
03439,0343919110,30,,
05170,0517024210,120,,
01012,0101261210,60,,
03257,0325729310,60,,
06214,0621437210,120,,
04175,0417524210,60,,
06759,0675929310,30,,
03143,0314384410,60,,
01180,0118019110,60,,
05330,0533099510,60,,
04118,0411837210,27,,
01123,0112337210,60,,
05184,0518461210,27,,
06272,0627224610,180,,
06304,0630437210,30,,
06714,0671429310,60,,
06175,0617519110,60,,
04174,0417491210,60,,
02111,0211192110,60,,
06545,0654584410,60,,
04192,0419235610,60,,
05124,0512429310,120,,
03475,0347524610,180,,
01128,0112819110,60,,
03439,0343991110,120,,
06278,0627821910,60,,
06303,0630399510,60,,
03725,0372524210,60,,
06182,0618224610,60,,
02758,0275861210,60,,
06757,0675726610,60,,
04139,0413961210,60,,
04137,0413729310,30,,
05173,0517324510,180,,
04197,0419719110,30,,
06203,0620324510,120,,
06219,0621937210,30,,
03723,0372337210,60,,
06754,0675424610,120,,
05184,0518437210,27,,
02634,0263429310,60,,
06322,0632261210,30,,
06217,0621761210,30,,
03208,0320861210,60,,
03220,0322025210,30,,
01105,0110537210,120,,
05121,0512199510,120,,
06782,0678237210,60,,
03036,0303651310,18,,
06625,0662529310,23,,
02250,0225019110,60,,
04193,0419391210,60,,
06644,0664461210,30,,
03725,0372591110,60,,
01012,0101229310,60,,
06267,0626726210,180,,
06223,0622361210,120,,
06402,0640224210,60,,
05152,0515224610,60,,
16006,1600646410,60,,
03440,0344024510,45,,
01107,0110761210,60,,
06311,0631129310,60,,
03351,0335191110,60,,
01119,0111950710,45,,
05103,0510324510,240,,
05162,0516284410,120,,
06305,0630561210,36,,
04167,0416724210,180,,
03200,0320029310,60,,
06780,0678061210,30,,
04025,0402529310,60,,
04142,0414229310,60,,
01114,0111419110,60,,
05381,0538124210,60,,
05161,0516124610,90,,
06278,0627819110,120,,
06156,0615637210,180,,
03220,0322019110,60,,
03183,0318392010,60,,
06467,0646724610,60,,
03175,0317550710,60,,
06803,0680361210,60,,
04004,0400461210,60,,
06767,0676791210,60,,
06007,0600724210,90,,
04613,0461319110,30,,
02254,0225424510,60,,
03154,0315424510,120,,
02111,0211119110,30,,
06144,0614437210,30,,
04648,0464824210,60,,
04138,0413837210,60,,
06177,0617719110,180,,
01116,0111624610,120,,
06179,0617924610,60,,
06782,0678261210,60,,
03176,0317624510,240,,
06207,0620719110,120,,
03033,0303329310,46,,
03203,0320324610,120,,
06310,0631024510,240,,
06149,0614961210,60,,
05545,0554524610,120,,
04141,0414199510,60,,
03147,0314792110,30,,
03211,0321124510,180,,
14005,1400552410,12,,
06146,0614619110,60,,
04196,0419637210,60,,
03220,0322061210,60,,
06834,0683492110,120,,
03257,0325737210,60,,
01120,0112061210,60,,
03139,0313937210,120,,
03217,0321791610,60,,
02637,0263719110,30,,
04163,0416370110,90,,
03221,0322192610,60,,
04116,0411624610,180,,
02129,0212924610,60,,
05395,0539537210,60,,
03471,0347119110,60,,
03222,0322224510,60,,
04104,0410419110,60,,
02021,0202150310,10,,
03175,0317591610,60,,
06268,0626819110,120,,
05418,0541829310,60,,
06139,0613924510,180,,
05161,0516129310,60,,
05108,0510846410,60,,
03277,0327761510,30,,
02116,0211629310,60,,
02136,0213629310,180,,
06267,0626719110,120,,
02127,0212724610,120,,
06308,0630819110,60,,
06282,0628224610,180,,
06771,0677119110,30,,
04145,0414599510,180,,
06643,0664361210,120,,
06757,0675724210,180,,
06036,0603629310,60,,
03221,0322124510,60,,
06320,0632037210,60,,
05497,0549761210,60,,
06175,0617561210,180,,
05401,0540191610,60,,
06307,0630760210,60,,
16351,1635192110,60,,
06878,0687890010,120,,
04172,0417219110,60,,
05125,0512524510,60,,
06281,0628137210,120,,
03214,0321424510,120,,
05152,0515291210,60,,
02533,0253319110,60,,
06799,0679924510,60,,
02020,0202037210,120,,
02641,0264119110,60,,
06145,0614561210,120,,
03445,0344592110,30,,
05263,0526324510,60,,
04193,0419329310,60,,
01119,0111937210,60,,
05108,0510824510,180,,
06220,0622024210,180,,
06622,0662237810,60,,
05170,0517037210,30,,
01002,0100224610,60,,
01119,0111924610,60,,
06184,0618424510,150,,
03183,0318324510,120,,
03445,0344561210,30,,
05331,0533137210,90,,
06267,0626724210,180,,
03224,0322461210,30,,
06271,0627126310,60,,
01012,0101224510,60,,
06466,0646629310,60,,
02282,0228261210,30,,
03183,0318324610,60,,
01130,0113037210,30,,
06138,0613826310,90,,
06146,0614624610,180,,
06799,0679929310,30,,
06755,0675537210,60,,
02112,0211224210,180,,
06217,0621726310,90,,
03200,0320050710,30,,
06187,0618719110,90,,
06269,0626937210,60,,
03190,0319061210,60,,
04118,0411861210,30,,
04134,0413491210,60,,
03353,0335392010,30,,
06635,0663591210,30,,
06277,0627724610,90,,
06901,0690119110,60,,
05106,0510624510,120,,
04188,0418850310,60,,
06277,0627737210,60,,
01182,0118261210,60,,
03214,0321424610,60,,
05390,0539024510,60,,
06324,0632426310,90,,
06320,0632061210,90,,
05399,0539919110,60,,
06284,0628437210,60,,
06274,0627484110,60,,
02516,0251629710,30,,
05182,0518226310,120,,
04142,0414219110,60,,
06545,0654561210,30,,
03196,0319629310,60,,
05401,0540129310,60,,
05004,0500446610,60,,
05003,0500351810,15,,
01268,0126837210,30,,
06324,0632419110,60,,
03192,0319261210,60,,
06770,0677024610,60,,
06284,0628499510,300,,
05108,0510829310,60,,
04174,0417426210,60,,
05103,0510361210,120,,
03439,0343961210,60,,
05139,0513961210,60,,
02130,0213099510,60,,
05121,0512124510,120,,
03725,0372537610,60,,
06217,0621729310,60,,
05380,0538099510,120,,
06759,0675999510,60,,
06303,0630337210,60,,
02020,0202019110,60,,
06402,0640257310,60,,
03726,0372624610,60,,
04104,0410437010,60,,
02116,0211626310,30,,
02138,0213819110,60,,
06803,0680337210,60,,
05164,0516437210,48,,
04679,0467924210,120,,
06155,0615537210,90,,
06609,0660984410,60,,
06628,0662861210,30,,
05151,0515124510,120,,
01268,0126824210,60,,
06759,0675919110,30,,
05408,0540861210,60,,
06878,0687825910,60,,
03546,0354661210,60,,
01105,0110524610,180,,
06141,0614129310,60,,
01127,0112737210,60,,
03187,0318799510,180,,
04004,0400429310,60,,
03204,0320492110,60,,
06282,0628299510,180,,
06178,0617837210,300,,
01127,0112719110,60,,
02134,0213419110,60,,
02252,0225219110,60,,
06155,0615561210,60,,
03185,0318590010,60,,
02127,0212724210,180,,
03217,0321724510,60,,
02116,0211691110,30,,
03204,0320461210,60,,
03208,0320824510,180,,
02138,0213829310,60,,
05106,0510691210,60,,
01128,0112824210,120,,
02137,0213724210,60,,
02137,0213719110,90,,
02111,0211199510,60,,
06185,0618529310,60,,
02508,0250824210,120,,
06628,0662819110,30,,
05170,0517084410,30,,
06766,0676626310,30,,
05182,0518261210,60,,
03012,0301224610,60,,
03447,0344719110,30,,
06284,0628419110,60,,
02130,0213037210,60,,
03436,0343691110,60,,
06757,0675762410,30,,
01120,0112019110,60,,
03219,0321929310,60,,
05109,0510999510,120,,
06769,0676937210,60,,
05170,0517029310,60,,
03218,0321824510,120,,
06282,0628224510,180,,
03194,0319461210,60,,
06275,0627561210,60,,
06794,0679419110,60,,
03154,0315419110,90,,
06644,0664424510,60,,
05513,0551319110,60,,
06714,0671437210,60,,
06768,0676824510,60,,
02508,0250890910,60,,
05004,0500437210,60,,
06269,0626961210,60,,
06644,0664419110,30,,
01123,0112399510,60,,
04177,0417719110,120,,
06304,0630492110,120,,
04172,0417261210,60,,
02522,0252261210,60,,
02522,0252299510,60,,
05161,0516137210,60,,
03462,0346284410,30,,
02127,0212719110,60,,
